momID,ID,totclutch,firstfecun,lastfecun,avfecun,peakfecun,totalfecun,life,group,eggdevavg,survavg,copeavg,sizeavg,clutchID,momage,hatchdate,start,clutchnum,eggdev,naup,naupsurv,copesurv,totalsurv,totaldied,survival,development,naupID,stage,lengthmm,widthmm,areamm2,areaum2
01_A,1,11,9,0,10.54545455,29,116,56,long,3.4,0.682529,0.757559259,14270,01_A01,5,20-Sep,15-Sep,1,5,9,1,8,9,0,1,0.888888889,01_A01_0920_A,n1,0.151,0.135,0.020385,20385
01_A,1,11,9,0,10.54545455,29,116,56,long,3.4,0.682529,0.757559,14270,01_A02,8,23-Sep,15-Sep,2,1,4,0,2,2,2,0.5,1,01_A02_0923_A,n1,0.151,0.134,0.020234,20234
01_A,1,11,9,0,10.54545455,29,116,56,long,3.4,0.682529,0.757559,14270,01_A02,8,23-Sep,15-Sep,2,1,4,0,2,2,2,0.5,1,01_A02_0923_B,n1,0.137,0.112,0.015344,15344
01_A,1,11,9,0,10.54545455,29,116,56,long,3.4,0.682529,0.757559,14270,01_A03,11,26-Sep,15-Sep,3,3,6,0,4,4,2,0.666666667,1,01_A03_0926_A,n1,0.128666667,0.113333333,0.014582222,14582.222
01_A,1,11,9,0,10.54545455,29,116,56,long,3.4,0.682529,0.757559,14270,01_A03,11,26-Sep,15-Sep,3,3,6,0,4,4,2,0.666666667,1,01_A03_0926_B,n1,0.132333333,0.107,0.014159667,14159.667
01_A,1,11,9,0,10.54545455,29,116,56,long,3.4,0.682529,0.757559,14270,01_A03,11,26-Sep,15-Sep,3,3,6,0,4,4,2,0.666666667,1,01_A03_0926_C,n1,0.126666667,0.113,0.014313333,14313.333
01_A,1,11,9,0,10.54545455,29,116,56,long,3.4,0.682529,0.757559,14270,01_A04,18,3-Oct,15-Sep,4,7,19,15,4,19,0,1,0.210526316,01_A04_1003_A,n1,0.120666667,0.097666667,0.011785111,11785.111
01_A,1,11,9,0,10.54545455,29,116,56,long,3.4,0.682529,0.757559,14270,01_A05,21,6-Oct,15-Sep,5,1,29,1,21,22,7,0.75862069,0.954545455,01_A05_1006_A,n1,0.114,0.104333333,0.011894,11894
01_A,1,11,9,0,10.54545455,29,116,56,long,3.4,0.682529,0.757559,14270,01_A05,21,6-Oct,15-Sep,5,1,29,1,21,22,7,0.75862069,0.954545455,01_A05_1006_B,n1,0.124666667,0.106666667,0.013297778,13297.778
01_A,1,11,9,0,10.54545455,29,116,56,long,3.4,0.682529,0.757559,14270,01_A05,21,6-Oct,15-Sep,5,1,29,1,21,22,7,0.75862069,0.954545455,01_A05_1006_C,n1,0.13,0.106,0.01378,13780
01_A,1,11,9,0,10.54545455,29,116,56,long,3.4,0.682529,0.757559,14270,01_A06,24,9-Oct,15-Sep,6,3,29,4,25,29,0,1,0.862068966,01_A06_1009_A,n1,0.121333333,0.099666667,0.012092889,12092.889
01_A,1,11,9,0,10.54545455,29,116,56,long,3.4,0.682529,0.757559,14270,01_A06,24,9-Oct,15-Sep,6,3,29,4,25,29,0,1,0.862068966,01_A06_1009_B,n1,0.123333333,0.106,0.013073333,13073.333
01_A,1,11,9,0,10.54545455,29,116,56,long,3.4,0.682529,0.757559,14270,01_A06,24,9-Oct,15-Sep,6,3,29,4,25,29,0,1,0.862068966,01_A06_1009_C,n1,0.115666667,0.104,0.012029333,12029.333
01_A,1,11,9,0,10.54545455,29,116,56,long,3.4,0.682529,0.757559,14270,01_A07,27,12-Oct,15-Sep,7,2,10,5,4,9,1,0.9,0.444444444,01_A07_1012_A,n1,0.122,0.095666667,0.011671333,11671.333
01_A,1,11,9,0,10.54545455,29,116,56,long,3.4,0.682529,0.757559,14270,01_A07,27,12-Oct,15-Sep,7,2,10,5,4,9,1,0.9,0.444444444,01_A07_1012_B,n1,0.119666667,0.097666667,0.011687445,11687.445
01_A,1,11,9,0,10.54545455,29,116,56,long,3.4,0.682529,0.757559,14270,01_A07,27,12-Oct,15-Sep,7,2,10,5,4,9,1,0.9,0.444444444,01_A07_1012_C,n1,0.121,0.103666667,0.012543667,12543.667
01_A,1,11,9,0,10.54545455,29,116,56,long,3.4,0.682529,0.757559,14270,01_A08,31,16-Oct,15-Sep,8,3,10,3,7,10,0,1,0.7,01_A08_1016_A,n1,0.139666667,0.114,0.015922,15922
01_A,1,11,9,0,10.54545455,29,116,56,long,3.4,0.682529,0.757559,14270,01_A08,31,16-Oct,15-Sep,8,3,10,3,7,10,0,1,0.7,01_A08_1016_B,n1,0.147,0.114333333,0.016807,16807
01_A,1,11,9,0,10.54545455,29,116,56,long,3.4,0.682529,0.757559,14270,01_A08,31,16-Oct,15-Sep,8,3,10,3,7,10,0,1,0.7,01_A08_1016_C,n1,0.134666667,0.116,0.015621333,15621.333
01_A,1,11,9,0,10.54545455,29,116,56,long,3.4,0.682529,0.757559,14270,01_A10,46,31-Oct,15-Sep,10,5,0,0,0,0,0,na,na,na,na,na,na,na,na
01_A,1,11,9,0,10.54545455,29,116,56,long,3.4,0.682529,0.757559,14270,01_A11,51,5-Nov,15-Sep,11,4,0,0,0,0,0,na,na,na,na,na,na,na,na
01_B,2,6,15,8,11.6667,22,70,49,long,4,0.874526515,0.933333333,13199.748,01_B02,9,24-Sep,15-Sep,2,2,16,4,11,15,1,0.9375,0.733333333,01_B02_0924_A,n1,0.127666667,0.107666667,0.013745445,13745.445
01_B,2,6,15,8,11.6667,22,70,49,long,4,0.874527,0.933333,13200,01_B02,9,24-Sep,15-Sep,2,2,16,4,11,15,1,0.9375,0.733333333,01_B02_0924_B,n1,0.128,0.107333333,0.013738667,13738.667
01_B,2,6,15,8,11.6667,22,70,49,long,4,0.874527,0.933333,13200,01_B02,9,24-Sep,15-Sep,2,2,16,4,11,15,1,0.9375,0.733333333,01_B02_0924_C,n1,0.125,0.106333333,0.013291667,13291.667
01_B,2,6,15,8,11.6667,22,70,49,long,4,0.874527,0.933333,13200,01_B02,9,24-Sep,15-Sep,2,2,16,4,11,15,1,0.9375,0.733333333,01_B02_0924_D,n1,0.129,0.107666667,0.013889,13889
01_B,2,6,15,8,11.6667,22,70,49,long,4,0.874527,0.933333,13200,01_B03,12,27-Sep,15-Sep,3,3,22,0,16,16,6,0.727272727,1,01_B03_0927_A,n1,0.119,0.106333333,0.012653667,12653.667
01_B,2,6,15,8,11.6667,22,70,49,long,4,0.874527,0.933333,13200,01_B05,29,14-Oct,15-Sep,5,10,6,0,5,5,1,0.833333333,1,01_B05_1014_A,n1,0.141,0.109,0.015369,15369
01_B,2,6,15,8,11.6667,22,70,49,long,4,0.874527,0.933333,13200,01_B05,29,14-Oct,15-Sep,5,10,6,0,5,5,1,0.833333333,1,01_B05_1014_B,n1,0.141666667,0.109666667,0.015536111,15536.111
01_B,2,6,15,8,11.6667,22,70,49,long,4,0.874527,0.933333,13200,01_B05,29,14-Oct,15-Sep,5,10,6,0,5,5,1,0.833333333,1,01_B05_1014_C,n1,0.136666667,0.110666667,0.015124445,15124.445
01_B,2,6,15,8,11.6667,22,70,49,long,4,0.874527,0.933333,13200,01_B06,33,18-Oct,15-Sep,6,1,8,0,8,8,0,1,1,01_B06_1018_A,n1,0.107666667,0.095,0.010228333,10228.333
01_B,2,6,15,8,11.6667,22,70,49,long,4,0.874527,0.933333,13200,01_B06,33,18-Oct,15-Sep,6,1,8,0,8,8,0,1,1,01_B06_1018_B,n1,0.108666667,0.098333333,0.010685556,10685.556
01_B,2,6,15,8,11.6667,22,70,49,long,4,0.874527,0.933333,13200,01_B06,33,18-Oct,15-Sep,6,1,8,0,8,8,0,1,1,01_B06_1018_C,n1,0.116333333,0.094,0.010935333,10935.333
01_C,3,14,15,1,15.64285,26,219,43,short,3.15,0.740864175,0.641033258,13452.211,01_C01,3,20-Sep,17-Sep,1,3,15,1,13,14,1,0.933333333,0.928571429,na,na,na,na,na,na
01_C,3,14,15,1,15.64285,26,219,43,short,3.15,0.740864,0.641033,13452.211,01_C02,6,23-Sep,17-Sep,2,1,21,3,18,21,0,1,0.857142857,01_C02_0923_A,n1,0.131,0.105,0.013755,13755
01_C,3,14,15,1,15.64285,26,219,43,short,3.15,0.740864,0.641033,13450,01_C02,6,23-Sep,17-Sep,2,1,21,3,18,21,0,1,0.857142857,01_C02_0923_B,n1,0.124,0.099,0.012276,12276
01_C,3,14,15,1,15.64285,26,219,43,short,3.15,0.740864,0.641033,13450,01_C02,6,23-Sep,17-Sep,2,1,21,3,18,21,0,1,0.857142857,01_C02_0923_C,n1,0.124,0.109,0.013516,13516
01_C,3,14,15,1,15.64285,26,219,43,short,3.15,0.740864,0.641033,13450,01_C03,10,27-Sep,17-Sep,3,3,25,0,0,0,25,0,0,na,na,na,na,na,na
01_C,3,14,15,1,15.64285,26,219,43,short,3.15,0.740864,0.641033,13450,01_C04,13,30-Sep,17-Sep,4,3,21,11,9,20,1,0.952380952,0.45,na,na,na,na,na,na
01_C,3,14,15,1,15.64285,26,219,43,short,3.15,0.740864,0.641033,13450,01_C05,16,3-Oct,17-Sep,5,3,23,13,9,22,1,0.956521739,0.409090909,01_C05_1003_A,n1,0.128333333,0.107,0.013731667,13731.667
01_C,3,14,15,1,15.64285,26,219,43,short,3.15,0.740864,0.641033,13450,01_C05,16,3-Oct,17-Sep,5,3,23,13,9,22,1,0.956521739,0.409090909,01_C05_1003_B,n1,0.127,0.107,0.013589,13589
01_C,3,14,15,1,15.64285,26,219,43,short,3.15,0.740864,0.641033,13450,01_C05,16,3-Oct,17-Sep,5,3,23,13,9,22,1,0.956521739,0.409090909,01_C05_1003_C,n1,0.131666667,0.106333333,0.014000556,14000.556
01_C,3,14,15,1,15.64285,26,219,43,short,3.15,0.740864,0.641033,13450,01_C06,19,6-Oct,17-Sep,6,3,26,4,18,22,4,0.846153846,0.818181818,na,na,na,na,na,na
01_C,3,14,15,1,15.64285,26,219,43,short,3.15,0.740864,0.641033,13450,01_C07,23,10-Oct,17-Sep,7,3,17,1,12,13,4,0.764705882,0.923076923,01_C07_1010_A,n1,0.113333333,0.087666667,0.009935556,9935.556
01_C,3,14,15,1,15.64285,26,219,43,short,3.15,0.740864,0.641033,13450,01_C07,23,10-Oct,17-Sep,7,3,17,1,12,13,4,0.764705882,0.923076923,01_C07_1010_B,n1,0.121333333,0.098,0.011890667,11890.667
01_C,3,14,15,1,15.64285,26,219,43,short,3.15,0.740864,0.641033,13450,01_C08,25,12-Oct,17-Sep,8,2,20,1,18,19,1,0.95,0.947368421,01_C08_1012_A,n1,0.129666667,0.11,0.014263333,14263.333
01_C,3,14,15,1,15.64285,26,219,43,short,3.15,0.740864,0.641033,13450,01_C08,25,12-Oct,17-Sep,8,2,20,1,18,19,1,0.95,0.947368421,01_C08_1012_B,n1,0.127,0.111333333,0.014139333,14139.333
01_C,3,14,15,1,15.64285,26,219,43,short,3.15,0.740864,0.641033,13450,01_C08,25,12-Oct,17-Sep,8,2,20,1,18,19,1,0.95,0.947368421,01_C08_1012_C,n1,0.131666667,0.103333333,0.013605556,13605.556
01_C,3,14,15,1,15.64285,26,219,43,short,3.15,0.740864,0.641033,13450,01_C09,29,16-Oct,17-Sep,9,3,21,13,0,13,8,0.619047619,0,01_C09_1016_A,n1,0.123142857,0.105,0.01293,12930
01_C,3,14,15,1,15.64285,26,219,43,short,3.15,0.740864,0.641033,13450,01_C09,29,16-Oct,17-Sep,9,3,21,13,0,13,8,0.619047619,0,01_C09_1016_B,n1,0.125,0.105,0.013125,13125
01_C,3,14,15,1,15.64285,26,219,43,short,3.15,0.740864,0.641033,13450,01_C09,29,16-Oct,17-Sep,9,3,21,13,0,13,8,0.619047619,0,01_C09_1016_C,n1,0.124,0.108,0.013392,13392
01_C,3,14,15,1,15.64285,26,219,43,short,3.15,0.740864,0.641033,13450,01_C10,34,21-Oct,17-Sep,10,5,8,0,8,8,0,1,1,01_C10_1021_A,n1,0.134,0.110666667,0.014829333,14829.333
01_C,3,14,15,1,15.64285,26,219,43,short,3.15,0.740864,0.641033,13450,01_C10,34,21-Oct,17-Sep,10,5,8,0,8,8,0,1,1,01_C10_1021_B,n1,0.142666667,0.119,0.016977333,16977.333
01_C,3,14,15,1,15.64285,26,219,43,short,3.15,0.740864,0.641033,13450,01_C10,34,21-Oct,17-Sep,10,5,8,0,8,8,0,1,1,01_C10_1021_C,n1,0.124,0.109,0.013516,13516
01_C,3,14,15,1,15.64285,26,219,43,short,3.15,0.740864,0.641033,13450,01_C11,36,23-Oct,17-Sep,11,2,10,0,7,7,3,0.7,1,01_C11_1023_A,n1,0.130333333,0.107,0.013945667,13945.667
01_C,3,14,15,1,15.64285,26,219,43,short,3.15,0.740864,0.641033,13450,01_C11,36,23-Oct,17-Sep,11,2,10,0,7,7,3,0.7,1,01_C11_1023_B,n1,0.126666667,0.101333333,0.012835556,12835.556
01_C,3,14,15,1,15.64285,26,219,43,short,3.15,0.740864,0.641033,13450,01_C11,36,23-Oct,17-Sep,11,2,10,0,7,7,3,0.7,1,01_C11_1023_C,n1,0.120666667,0.106,0.012790667,12790.667
01_C,3,14,15,1,15.64285,26,219,43,short,3.15,0.740864,0.641033,13450,01_C12,40,27-Oct,17-Sep,12,4,11,0,10,10,1,0.909090909,1,na,na,na,na,na,na
01_C,3,14,15,1,15.64285,26,219,43,short,3.15,0.740864,0.641033,13450,01_C14,49,5-Nov,17-Sep,14,6,1,0,0,0,1,0,0,na,na,na,na,na,na
02_A,4,5,11,21,13.8,25,69,23,short,2.75,0.620714286,0.724206349,13872.278,02_A02,6,24-Sep,18-Sep,2,2,25,1,20,21,4,0.84,0.952380952,02_A02_0924_A,n1,0.126,0.108666667,0.013692,13692
02_A,4,5,11,21,13.8,25,69,23,short,2.75,0.620714,0.724206,13870,02_A02,6,24-Sep,18-Sep,2,2,25,1,20,21,4,0.84,0.952380952,02_A02_0924_B,n1,0.127,0.106666667,0.013546667,13546.667
02_A,4,5,11,21,13.8,25,69,23,short,2.75,0.620714,0.724206,13870,02_A02,6,24-Sep,18-Sep,2,2,25,1,20,21,4,0.84,0.952380952,02_A02_0924_C,n1,0.132333333,0.108666667,0.014380222,14380.222
02_A,4,5,11,21,13.8,25,69,23,short,2.75,0.620714,0.724206,13870,02_A02,6,24-Sep,18-Sep,2,2,25,1,20,21,4,0.84,0.952380952,02_A02_0924_D,n1,0.125333333,0.110666667,0.013870222,13870.222
02_A,4,5,11,21,13.8,25,69,23,short,2.75,0.620714,0.724206,13870,02_A03,10,28-Sep,18-Sep,3,4,7,2,0,2,5,0.285714286,0,na,na,na,na,na,na
02_A,4,5,11,21,13.8,25,69,23,short,2.75,0.620714,0.724206,13870,02_A04,14,2-Oct,18-Sep,4,2,4,0,2,2,2,0.5,1,na,na,na,na,na,na
02_A,4,5,11,21,13.8,25,69,23,short,2.75,0.620714,0.724206,13870,02_A05,18,6-Oct,18-Sep,5,3,21,1,17,18,3,0.857142857,0.944444444,na,na,na,na,na,na
02_B,5,5,11,11,14,17,70,17,short,3.6,0.748863636,0.981818182,14657.593,02_B01,3,22-Sep,19-Sep,1,3,11,0,5,5,6,0.454545455,1,na,na,na,na,na,na
02_B,5,5,11,11,14,17,70,17,short,3.6,0.748864,0.981818,14660,02_B02,7,26-Sep,19-Sep,2,3,16,0,9,9,7,0.5625,1,02_B02_0926_A,n1,0.121,0.111333333,0.013471333,13471.333
02_B,5,5,11,11,14,17,70,17,short,3.6,0.748864,0.981818,14660,02_B02,7,26-Sep,19-Sep,2,3,16,0,9,9,7,0.5625,1,02_B02_0926_B,n1,0.135666667,0.108666667,0.014742445,14742.445
02_B,5,5,11,11,14,17,70,17,short,3.6,0.748864,0.981818,14660,02_B02,7,26-Sep,19-Sep,2,3,16,0,9,9,7,0.5625,1,02_B02_0926_C,n1,0.126,0.103666667,0.013062,13062
02_B,5,5,11,11,14,17,70,17,short,3.6,0.748864,0.981818,14660,02_B03,10,29-Sep,19-Sep,3,3,22,0,16,16,6,0.727272727,1,na,na,na,na,na,na
02_B,5,5,11,11,14,17,70,17,short,3.6,0.748864,0.981818,14660,02_B04,13,2-Oct,19-Sep,4,6,3,0,3,3,0,1,1,na,na,na,na,na,na
02_B,5,5,11,11,14,17,70,17,short,3.6,0.748864,0.981818,14660,02_B05,17,6-Oct,19-Sep,5,3,11,1,10,11,0,1,0.909090909,02_B05_1006_A,n1,0.128333333,0.113,0.014501667,14501.667
02_B,5,5,11,11,14,17,70,17,short,3.6,0.748864,0.981818,14660,02_B05,17,6-Oct,19-Sep,5,3,11,1,10,11,0,1,0.909090909,02_B05_1006_B,n1,0.148333333,0.127,0.018838333,18838.333
02_B,5,5,11,11,14,17,70,17,short,3.6,0.748864,0.981818,14660,02_B05,17,6-Oct,19-Sep,5,3,11,1,10,11,0,1,0.909090909,02_B05_1006_C,n1,0.122666667,0.108666667,0.013329778,13329.778
02_C,6,11,23,37,19.454545,37,214,43,short,3.09,0.777154953,0.673034047,13724.394,02_C01,3,22-Sep,19-Sep,1,3,15,1,13,14,1,0.933333333,0.928571429,na,na,na,na,na,na
02_C,6,11,23,37,19.454545,37,214,43,short,3.09,0.777155,0.673034,13720,02_C02,7,26-Sep,19-Sep,2,3,17,2,15,17,0,1,0.882352941,02_C02_0926_A,n1,0.132666667,0.115,0.015256667,15256.667
02_C,6,11,23,37,19.454545,37,214,43,short,3.09,0.777155,0.673034,13720,02_C02,7,26-Sep,19-Sep,2,3,17,2,15,17,0,1,0.882352941,02_C02_0926_B,n1,0.125,0.105666667,0.013208333,13208.333
02_C,6,11,23,37,19.454545,37,214,43,short,3.09,0.777155,0.673034,13720,02_C02,7,26-Sep,19-Sep,2,3,17,2,15,17,0,1,0.882352941,02_C02_0926_C,n1,0.128,0.112333333,0.014378667,14378.667
02_C,6,11,23,37,19.454545,37,214,43,short,3.09,0.777155,0.673034,13720,02_C03,10,29-Sep,19-Sep,3,3,21,0,20,20,1,0.952380952,1,02_C03_0929_A,n1,0.124,0.095,0.01178,11780
02_C,6,11,23,37,19.454545,37,214,43,short,3.09,0.777155,0.673034,13720,02_C04,13,2-Oct,19-Sep,4,3,21,11,9,20,1,0.952380952,0.45,na,na,na,na,na,na
02_C,6,11,23,37,19.454545,37,214,43,short,3.09,0.777155,0.673034,13720,02_C05,17,6-Oct,19-Sep,5,3,16,2,11,13,3,0.8125,0.846153846,02_C05_1006_A,n1,0.112666667,0.106666667,0.012017778,12017.778
02_C,6,11,23,37,19.454545,37,214,43,short,3.09,0.777155,0.673034,13720,02_C05,17,6-Oct,19-Sep,5,3,16,2,11,13,3,0.8125,0.846153846,02_C05_1006_B,n1,0.122666667,0.110666667,0.013575111,13575.111
02_C,6,11,23,37,19.454545,37,214,43,short,3.09,0.777155,0.673034,13720,02_C06,20,9-Oct,19-Sep,6,3,16,0,16,16,0,1,1,02_C06_1009_A,n1,0.147666667,0.122333333,0.018064556,18064.556
02_C,6,11,23,37,19.454545,37,214,43,short,3.09,0.777155,0.673034,13720,02_C06,20,9-Oct,19-Sep,6,3,16,0,16,16,0,1,1,02_C06_1009_B,n1,0.123333333,0.106666667,0.013155556,13155.556
02_C,6,11,23,37,19.454545,37,214,43,short,3.09,0.777155,0.673034,13720,02_C06,20,9-Oct,19-Sep,6,3,16,0,16,16,0,1,1,02_C06_1009_C,n1,0.132,0.106666667,0.01408,14080
02_C,6,11,23,37,19.454545,37,214,43,short,3.09,0.777155,0.673034,13720,02_C07,22,11-Oct,19-Sep,7,2,28,19,8,27,1,0.964285714,0.296296296,02_C07_1011_A,n1,0.134,0.106666667,0.014293333,14293.333
02_C,6,11,23,37,19.454545,37,214,43,short,3.09,0.777155,0.673034,13720,02_C07,22,11-Oct,19-Sep,7,2,28,19,8,27,1,0.964285714,0.296296296,02_C07_1011_B,n1,0.126,0.109666667,0.013818,13818
02_C,6,11,23,37,19.454545,37,214,43,short,3.09,0.777155,0.673034,13720,02_C07,22,11-Oct,19-Sep,7,2,28,19,8,27,1,0.964285714,0.296296296,02_C07_1011_C,n1,0.125666667,0.111,0.013949,13949
02_C,6,11,23,37,19.454545,37,214,43,short,3.09,0.777155,0.673034,13720,02_C08,27,16-Oct,19-Sep,8,4,17,1,0,1,16,0.058823529,0,02_C08_1016_A,n1,0.137333333,0.114,0.015656,15656
02_C,6,11,23,37,19.454545,37,214,43,short,3.09,0.777155,0.673034,13720,02_C08,27,16-Oct,19-Sep,8,4,17,1,0,1,16,0.058823529,0,02_C08_1016_B,n1,0.139333333,0.110666667,0.015419556,15419.556
02_C,6,11,23,37,19.454545,37,214,43,short,3.09,0.777155,0.673034,13720,02_C08,27,16-Oct,19-Sep,8,4,17,1,0,1,16,0.058823529,0,02_C08_1016_C,n1,0.139333333,0.115333333,0.016069778,16069.778
02_C,6,11,23,37,19.454545,37,214,43,short,3.09,0.777155,0.673034,13720,02_C09,33,22-Oct,19-Sep,9,4,8,0,7,7,1,0.875,1,02_C09_1022_A,n1,0.112666667,0.097333333,0.010966222,10966.222
02_C,6,11,23,37,19.454545,37,214,43,short,3.09,0.777155,0.673034,13720,02_C09,33,22-Oct,19-Sep,9,4,8,0,7,7,1,0.875,1,02_C09_1022_B,n1,0.120333333,0.099,0.011913,11913
02_C,6,11,23,37,19.454545,37,214,43,short,3.09,0.777155,0.673034,13720,02_C09,33,22-Oct,19-Sep,9,4,8,0,7,7,1,0.875,1,02_C09_1022_C,n1,0.114333333,0.093333333,0.010671111,10671.111
02_C,6,11,23,37,19.454545,37,214,43,short,3.09,0.777155,0.673034,13720,02_C10,40,29-Oct,19-Sep,10,3,16,0,0,0,16,0,0,02_C10_1029_A,n1,0.129666667,0.104333333,0.013528556,13528.556
02_C,6,11,23,37,19.454545,37,214,43,short,3.09,0.777155,0.673034,13720,02_C10,40,29-Oct,19-Sep,10,3,16,0,0,0,16,0,0,02_C10_1029_B,n1,0.126333333,0.108666667,0.013728222,13728.222
02_C,6,11,23,37,19.454545,37,214,43,short,3.09,0.777155,0.673034,13720,02_C10,40,29-Oct,19-Sep,10,3,16,0,0,0,16,0,0,02_C10_1029_C,n1,0.116,0.099,0.011484,11484
02_C,6,11,23,37,19.454545,37,214,43,short,3.09,0.777155,0.673034,13720,02_C11,43,1-Nov,19-Sep,11,3,37,0,37,37,0,1,1,02_C11_1101_A,n1,0.129666667,0.109333333,0.014176889,14176.889
02_C,6,11,23,37,19.454545,37,214,43,short,3.09,0.777155,0.673034,13720,02_C11,43,1-Nov,19-Sep,11,3,37,0,37,37,0,1,1,02_C11_1101_B,n1,0.129333333,0.112333333,0.014528444,14528.444
02_C,6,11,23,37,19.454545,37,214,43,short,3.09,0.777155,0.673034,13720,02_C11,43,1-Nov,19-Sep,11,3,37,0,37,37,0,1,1,02_C11_1101_C,n1,0.125,0.109333333,0.013666667,13666.667
02_D,7,8,0,0,9.375,28,75,22,short,2.43,0.48664081,0.442857143,14555.753,02_D02,2,25-Sep,23-Sep,2,2,13,0,10,10,3,0.769230769,1,na,na,na,na,na,na
02_D,7,8,0,0,9.375,28,75,22,short,2.43,0.486641,0.442857,14560,02_D03,5,28-Sep,23-Sep,3,3,28,0,0,0,28,0,0,na,na,na,na,na,na
02_D,7,8,0,0,9.375,28,75,22,short,2.43,0.486641,0.442857,14560,02_D04,8,1-Oct,23-Sep,4,2,17,4,6,10,7,0.588235294,0.6,na,na,na,na,na,na
02_D,7,8,0,0,9.375,28,75,22,short,2.43,0.486641,0.442857,14560,02_D05,13,6-Oct,23-Sep,5,3,3,1,1,2,1,0.666666667,0.5,02_D05_1006_A,n1,0.138333333,0.12,0.0166,16600
02_D,7,8,0,0,9.375,28,75,22,short,2.43,0.486641,0.442857,14560,02_D05,13,6-Oct,23-Sep,5,3,3,1,1,2,1,0.666666667,0.5,02_D05_1006_B,n1,0.144333333,0.124666667,0.017993556,17993.556
02_D,7,8,0,0,9.375,28,75,22,short,2.43,0.486641,0.442857,14560,02_D05,13,6-Oct,23-Sep,5,3,3,1,1,2,1,0.666666667,0.5,02_D05_1006_C,n1,0.147333333,0.124,0.018269333,18269.333
02_D,7,8,0,0,9.375,28,75,22,short,2.43,0.486641,0.442857,14560,02_D06,15,8-Oct,23-Sep,6,2,17,0,15,15,2,0.882352941,1,02_D06_1008_A,n1,0.119333333,0.105666667,0.012609556,12609.556
02_D,7,8,0,0,9.375,28,75,22,short,2.43,0.486641,0.442857,14560,02_D06,15,8-Oct,23-Sep,6,2,17,0,15,15,2,0.882352941,1,02_D06_1008_B,n1,0.122,0.106333333,0.012972667,12972.667
02_D,7,8,0,0,9.375,28,75,22,short,2.43,0.486641,0.442857,14560,02_D06,15,8-Oct,23-Sep,6,2,17,0,15,15,2,0.882352941,1,02_D06_1008_C,n1,0.123666667,0.108333333,0.013397222,13397.222
02_D,7,8,0,0,9.375,28,75,22,short,2.43,0.486641,0.442857,14560,02_D07,18,11-Oct,23-Sep,7,2,4,2,0,2,2,0.5,0,02_D07_1101_A,n1,0.123,0.099666667,0.012259,12259
02_D,7,8,0,0,9.375,28,75,22,short,2.43,0.486641,0.442857,14560,02_D07,18,11-Oct,23-Sep,7,2,4,2,0,2,2,0.5,0,02_D07_1101_B,n1,0.125333333,0.104333333,0.013076444,13076.444
02_D,7,8,0,0,9.375,28,75,22,short,2.43,0.486641,0.442857,14560,02_D07,18,11-Oct,23-Sep,7,2,4,2,0,2,2,0.5,0,02_D07_1101_C,n1,0.128,0.108,0.013824,13824
02_D,7,8,0,0,9.375,28,75,22,short,2.43,0.486641,0.442857,14560,02_D08,22,15-Oct,23-Sep,8,3,0,0,0,0,0,0,0,na,na,na,na,na,na
03_A,8,14,12,0,14.57142857,36,204,67,long,2.85,0.82708757,0.899408284,13569.362,03_A01,3,22-Sep,19-Sep,1,3,12,0,8,8,4,0.666666667,1,na,na,na,na,na,na
03_A,8,14,12,0,14.57142857,36,204,67,long,2.85,0.827088,0.899408,13570,03_A02,7,26-Sep,19-Sep,2,3,16,0,16,16,0,1,1,03_A02_0926_A,n1,0.134,0.106333333,0.014248667,14248.667
03_A,8,14,12,0,14.57142857,36,204,67,long,2.85,0.827088,0.899408,13570,03_A02,7,26-Sep,19-Sep,2,3,16,0,16,16,0,1,1,03_A02_0926_B,n1,0.145,0.117333333,0.017013333,17013.333
03_A,8,14,12,0,14.57142857,36,204,67,long,2.85,0.827088,0.899408,13570,03_A02,7,26-Sep,19-Sep,2,3,16,0,16,16,0,1,1,03_A02_0926_C,n1,0.138,0.121666667,0.01679,16790
03_A,8,14,12,0,14.57142857,36,204,67,long,2.85,0.827088,0.899408,13570,03_A03,10,29-Sep,19-Sep,3,3,16,0,11,11,5,0.6875,1,03_A03_0929_A,n1,0.129,0.108333333,0.013975,13975
03_A,8,14,12,0,14.57142857,36,204,67,long,2.85,0.827088,0.899408,13570,03_A05,16,5-Oct,19-Sep,5,2,16,0,16,16,0,1,1,na,na,na,na,na,na
03_A,8,14,12,0,14.57142857,36,204,67,long,2.85,0.827088,0.899408,13570,03_A06,19,8-Oct,19-Sep,6,5,16,0,16,16,0,1,1,03_A06_1008_A,n1,0.122333333,0.113,0.013823667,13823.667
03_A,8,14,12,0,14.57142857,36,204,67,long,2.85,0.827088,0.899408,13570,03_A06,19,8-Oct,19-Sep,6,5,16,0,16,16,0,1,1,03_A06_1008_B,n1,0.124333333,0.103,0.012806333,12806.333
03_A,8,14,12,0,14.57142857,36,204,67,long,2.85,0.827088,0.899408,13570,03_A06,19,8-Oct,19-Sep,6,5,16,0,16,16,0,1,1,03_A06_1008_C,n1,0.123,0.106666667,0.01312,13120
03_A,8,14,12,0,14.57142857,36,204,67,long,2.85,0.827088,0.899408,13570,03_A07,22,11-Oct,19-Sep,7,1,17,4,9,13,4,0.764705882,0.692307692,03_A07_1011_A,n1,0.115666667,0.104666667,0.012106445,12106.445
03_A,8,14,12,0,14.57142857,36,204,67,long,2.85,0.827088,0.899408,13570,03_A07,22,11-Oct,19-Sep,7,1,17,4,9,13,4,0.764705882,0.692307692,03_A07_1011_B,n1,0.116666667,0.106666667,0.012444445,12444.445
03_A,8,14,12,0,14.57142857,36,204,67,long,2.85,0.827088,0.899408,13570,03_A07,22,11-Oct,19-Sep,7,1,17,4,9,13,4,0.764705882,0.692307692,03_A07_1011_C,n1,0.124,0.105333333,0.013061333,13061.333
03_A,8,14,12,0,14.57142857,36,204,67,long,2.85,0.827088,0.899408,13570,03_A08,25,14-Oct,19-Sep,8,3,26,0,20,20,6,0.769230769,1,03_A08_1014_A,n1,0.128333333,0.108666667,0.013945556,13945.556
03_A,8,14,12,0,14.57142857,36,204,67,long,2.85,0.827088,0.899408,13570,03_A08,25,14-Oct,19-Sep,8,3,26,0,20,20,6,0.769230769,1,03_A08_1014_B,n1,0.125333333,0.104333333,0.013076444,13076.444
03_A,8,14,12,0,14.57142857,36,204,67,long,2.85,0.827088,0.899408,13570,03_A08,25,14-Oct,19-Sep,8,3,26,0,20,20,6,0.769230769,1,03_A08_1014_C,n1,0.111666667,0.098333333,0.010980556,10980.556
03_A,8,14,12,0,14.57142857,36,204,67,long,2.85,0.827088,0.899408,13570,03_A09,29,18-Oct,19-Sep,9,2,7,0,7,7,0,1,1,03_A09_1018_A,n1,0.119666667,0.104,0.012445333,12445.333
03_A,8,14,12,0,14.57142857,36,204,67,long,2.85,0.827088,0.899408,13570,03_A09,29,18-Oct,19-Sep,9,2,7,0,7,7,0,1,1,03_A09_1018_B,n1,0.125333333,0.104,0.013034667,13034.667
03_A,8,14,12,0,14.57142857,36,204,67,long,2.85,0.827088,0.899408,13570,03_A10,32,21-Oct,19-Sep,10,3,19,0,18,18,1,0.947368421,1,03_A10_1021_A,n1,0.128,0.112333333,0.014378667,14378.667
03_A,8,14,12,0,14.57142857,36,204,67,long,2.85,0.827088,0.899408,13570,03_A10,32,21-Oct,19-Sep,10,3,19,0,18,18,1,0.947368421,1,03_A10_1021_B,n1,0.133,0.104333333,0.013876333,13876.333
03_A,8,14,12,0,14.57142857,36,204,67,long,2.85,0.827088,0.899408,13570,03_A10,32,21-Oct,19-Sep,10,3,19,0,18,18,1,0.947368421,1,03_A10_1021_C,n1,0.127666667,0.109,0.013915667,13915.667
03_A,8,14,12,0,14.57142857,36,204,67,long,2.85,0.827088,0.899408,13570,03_A11,35,24-Oct,19-Sep,11,3,36,0,33,33,3,0.916666667,1,03_A11_1024_A,n1,0.122333333,0.105333333,0.012885778,12885.778
03_A,8,14,12,0,14.57142857,36,204,67,long,2.85,0.827088,0.899408,13570,03_A11,35,24-Oct,19-Sep,11,3,36,0,33,33,3,0.916666667,1,03_A11_1024_B,n1,0.123333333,0.102333333,0.012621111,12621.111
03_A,8,14,12,0,14.57142857,36,204,67,long,2.85,0.827088,0.899408,13570,03_A11,35,24-Oct,19-Sep,11,3,36,0,33,33,3,0.916666667,1,03_A11_1024_C,n1,0.129666667,0.106,0.013744667,13744.667
03_A,8,14,12,0,14.57142857,36,204,67,long,2.85,0.827088,0.899408,13570,03_A12,38,27-Oct,19-Sep,12,2,21,0,21,21,0,1,1,na,na,na,na,na,na
03_A,8,14,12,0,14.57142857,36,204,67,long,2.85,0.827088,0.899408,13570,03_A13,42,31-Oct,19-Sep,13,3,3,0,3,3,0,1,1,03_A13_1031_A,n1,0.128,0.109333333,0.013994667,13994.667
03_A,8,14,12,0,14.57142857,36,204,67,long,2.85,0.827088,0.899408,13570,03_A13,42,31-Oct,19-Sep,13,3,3,0,3,3,0,1,1,03_A13_1031_B,n1,0.126666667,0.109,0.013806667,13806.667
03_A,8,14,12,0,14.57142857,36,204,67,long,2.85,0.827088,0.899408,13570,03_A14,49,7-Nov,19-Sep,14,4,0,0,0,0,0,0,0,na,na,na,na,na,na
03_B,9,3,19,25,16.66666667,25,50,34,short,2.67,0.863859649,1,13319.556,03_B01,2,22-Sep,20-Sep,1,2,19,0,12,12,7,0.631578947,1,na,na,na,na,na,na
03_B,9,3,19,25,16.66666667,25,50,34,short,2.67,0.86386,1,13320,03_B02,6,26-Sep,20-Sep,2,3,6,0,6,6,0,1,1,03_B02_0926_A,n1,0.131,0.112333333,0.014715667,14715.667
03_B,9,3,19,25,16.66666667,25,50,34,short,2.67,0.86386,1,13320,03_B02,6,26-Sep,20-Sep,2,3,6,0,6,6,0,1,1,03_B02_0926_B,n1,0.122666667,0.106333333,0.013043556,13043.556
03_B,9,3,19,25,16.66666667,25,50,34,short,2.67,0.86386,1,13320,03_B02,6,26-Sep,20-Sep,2,3,6,0,6,6,0,1,1,03_B02_0926_C,n1,0.132,0.112,0.014784,14784
03_B,9,3,19,25,16.66666667,25,50,34,short,2.67,0.86386,1,13320,03_B03,9,29-Sep,20-Sep,3,3,25,0,24,24,1,0.96,1,03_B03_0929_A,n1,0.121666667,0.108666667,0.013221111,13221.111
03_B,9,3,19,25,16.66666667,25,50,34,short,2.67,0.86386,1,13320,03_B03,9,29-Sep,20-Sep,3,3,25,0,24,24,1,0.96,1,03_B03_0929_B,n1,0.108333333,0.099,0.010725,10725
03_B,9,3,19,25,16.66666667,25,50,34,short,2.67,0.86386,1,13320,03_B03,9,29-Sep,20-Sep,3,3,25,0,24,24,1,0.96,1,03_B03_0929_C,n1,0.124333333,0.108,0.013428,13428
03_C,10,10,13,7,11.4,25,114,50,long,2.8,0.820808303,0.7625,13303.228,03_C01,3,24-Sep,21-Sep,1,3,13,0,8,8,5,0.615384615,1,03_C01_0924_A,n1,0.130333333,0.107,0.013945667,13945.667
03_C,10,10,13,7,11.4,25,114,50,long,2.8,0.820808,0.7625,13300,03_C01,3,24-Sep,21-Sep,1,3,13,0,8,8,5,0.615384615,1,03_C01_0924_B,n1,0.121,0.107333333,0.012987333,12987.333
03_C,10,10,13,7,11.4,25,114,50,long,2.8,0.820808,0.7625,13300,03_C01,3,24-Sep,21-Sep,1,3,13,0,8,8,5,0.615384615,1,03_C01_0924_C,n1,0.13,0.11,0.0143,14300
03_C,10,10,13,7,11.4,25,114,50,long,2.8,0.820808,0.7625,13300,03_C01,3,24-Sep,21-Sep,1,3,13,0,8,8,5,0.615384615,1,03_C01_0924_D,n1,0.133,0.107,0.014231,14231
03_C,10,10,13,7,11.4,25,114,50,long,2.8,0.820808,0.7625,13300,03_C02,7,28-Sep,21-Sep,2,3,7,0,7,7,0,1,1,na,na,na,na,na,na
03_C,10,10,13,7,11.4,25,114,50,long,2.8,0.820808,0.7625,13300,03_C03,10,1-Oct,21-Sep,3,3,6,4,0,4,2,0.666666667,0,na,na,na,na,na,na
03_C,10,10,13,7,11.4,25,114,50,long,2.8,0.820808,0.7625,13300,03_C04,13,4-Oct,21-Sep,4,3,20,0,15,15,5,0.75,1,na,na,na,na,na,na
03_C,10,10,13,7,11.4,25,114,50,long,2.8,0.820808,0.7625,13300,03_C05,16,7-Oct,21-Sep,5,2,25,0,22,22,3,0.88,1,03_C05_1007_A,n1,0.125,0.109333333,0.013666667,13666.667
03_C,10,10,13,7,11.4,25,114,50,long,2.8,0.820808,0.7625,13300,03_C05,16,7-Oct,21-Sep,5,2,25,0,22,22,3,0.88,1,03_C05_1007_B,n1,0.124666667,0.105666667,0.013173111,13173.111
03_C,10,10,13,7,11.4,25,114,50,long,2.8,0.820808,0.7625,13300,03_C05,16,7-Oct,21-Sep,5,2,25,0,22,22,3,0.88,1,03_C05_1007_C,n1,0.133,0.106333333,0.014142333,14142.333
03_C,10,10,13,7,11.4,25,114,50,long,2.8,0.820808,0.7625,13300,03_C06,20,11-Oct,21-Sep,6,2,5,2,2,4,1,0.8,0.5,na,na,na,na,na,na
03_C,10,10,13,7,11.4,25,114,50,long,2.8,0.820808,0.7625,13300,03_C07,24,15-Oct,21-Sep,7,3,9,7,1,8,1,0.888888889,0.125,03_C07_1015_A,n1,0.132,0.108666667,0.014344,14344
03_C,10,10,13,7,11.4,25,114,50,long,2.8,0.820808,0.7625,13300,03_C07,24,15-Oct,21-Sep,7,3,9,7,1,8,1,0.888888889,0.125,03_C07_1015_B,n1,0.128,0.108666667,0.013909333,13909.333
03_C,10,10,13,7,11.4,25,114,50,long,2.8,0.820808,0.7625,13300,03_C07,24,15-Oct,21-Sep,7,3,9,7,1,8,1,0.888888889,0.125,03_C07_1015_C,n1,0.127333333,0.106666667,0.013582222,13582.222
03_C,10,10,13,7,11.4,25,114,50,long,2.8,0.820808,0.7625,13300,03_C08,27,18-Oct,21-Sep,8,3,14,0,14,14,0,1,1,03_C08_1018_A,n1,0.123333333,0.106333333,0.013114444,13114.444
03_C,10,10,13,7,11.4,25,114,50,long,2.8,0.820808,0.7625,13300,03_C08,27,18-Oct,21-Sep,8,3,14,0,14,14,0,1,1,03_C08_1018_B,n1,0.125333333,0.111333333,0.013953778,13953.778
03_C,10,10,13,7,11.4,25,114,50,long,2.8,0.820808,0.7625,13300,03_C08,27,18-Oct,21-Sep,8,3,14,0,14,14,0,1,1,03_C08_1018_C,n1,0.132333333,0.108666667,0.014380222,14380.222
03_C,10,10,13,7,11.4,25,114,50,long,2.8,0.820808,0.7625,13300,03_C09,31,22-Oct,21-Sep,9,3,8,0,6,6,2,0.75,1,03_C09_1022_A,n1,0.125666667,0.106666667,0.013404445,13404.445
03_C,10,10,13,7,11.4,25,114,50,long,2.8,0.820808,0.7625,13300,03_C09,31,22-Oct,21-Sep,9,3,8,0,6,6,2,0.75,1,03_C09_1022_B,n1,0.126,0.110333333,0.013902,13902
03_C,10,10,13,7,11.4,25,114,50,long,2.8,0.820808,0.7625,13300,03_C09,31,22-Oct,21-Sep,9,3,8,0,6,6,2,0.75,1,03_C09_1022_C,n1,0.126333333,0.105,0.013265,13265
03_C,10,10,13,7,11.4,25,114,50,long,2.8,0.820808,0.7625,13300,03_C10,34,25-Oct,21-Sep,10,3,7,0,6,6,1,0.857142857,1,03_C10_1025_A,n1,0.126,0.110333333,0.013902,13902
03_C,10,10,13,7,11.4,25,114,50,long,2.8,0.820808,0.7625,13300,03_C10,34,25-Oct,21-Sep,10,3,7,0,6,6,1,0.857142857,1,03_C10_1025_B,n1,0.118333333,0.036666667,0.004338889,4338.889
03_C,10,10,13,7,11.4,25,114,50,long,2.8,0.820808,0.7625,13300,03_C10,34,25-Oct,21-Sep,10,3,7,0,6,6,1,0.857142857,1,03_C10_1025_C,n1,0.127333333,0.111666667,0.014218889,14218.889
03_D,11,11,3,0,10.63636364,23,117,64,long,3.64,0.735504109,0.736616162,14182.085,03_D01,3,24-Sep,21-Sep,1,3,3,0,2,2,1,0.666666667,1,03_D01_0924_A,n1,0.130333333,0.110666667,0.014423556,14423.556
03_D,11,11,3,0,10.63636364,23,117,64,long,3.64,0.735504,0.736616,14180,03_D01,3,24-Sep,21-Sep,1,3,3,0,2,2,1,0.666666667,1,03_D01_0924_B,n1,0.14,0.113,0.01582,15820
03_D,11,11,3,0,10.63636364,23,117,64,long,3.64,0.735504,0.736616,14180,03_D02,6,27-Sep,21-Sep,2,3,9,1,7,8,1,0.888888889,0.875,na,na,na,na,na,na
03_D,11,11,3,0,10.63636364,23,117,64,long,3.64,0.735504,0.736616,14180,03_D03,12,3-Oct,21-Sep,3,5,9,0,0,0,9,0,0,03_D03_1003_A,n1,0.115,0.112333333,0.012918333,12918.333
03_D,11,11,3,0,10.63636364,23,117,64,long,3.64,0.735504,0.736616,14180,03_D03,12,3-Oct,21-Sep,3,5,9,0,0,0,9,0,0,03_D03_1003_B,n1,0.120666667,0.108666667,0.013112445,13112.445
03_D,11,11,3,0,10.63636364,23,117,64,long,3.64,0.735504,0.736616,14180,03_D04,16,7-Oct,21-Sep,4,3,11,0,11,11,0,1,1,03_D04_1007_A,n1,0.118333333,0.101666667,0.012030556,12030.556
03_D,11,11,3,0,10.63636364,23,117,64,long,3.64,0.735504,0.736616,14180,03_D04,16,7-Oct,21-Sep,4,3,11,0,11,11,0,1,1,03_D04_1007_B,n1,0.119333333,0.101,0.012052667,12052.667
03_D,11,11,3,0,10.63636364,23,117,64,long,3.64,0.735504,0.736616,14180,03_D04,16,7-Oct,21-Sep,4,3,11,0,11,11,0,1,1,03_D04_1007_C,n1,0.134666667,0.113333333,0.015262222,15262.222
03_D,11,11,3,0,10.63636364,23,117,64,long,3.64,0.735504,0.736616,14180,03_D04,16,7-Oct,21-Sep,4,3,11,0,11,11,0,1,1,03_D04_1007_D,n1,0.128333333,0.109666667,0.014073889,14073.889
03_D,11,11,3,0,10.63636364,23,117,64,long,3.64,0.735504,0.736616,14180,03_D04,16,7-Oct,21-Sep,4,3,11,0,11,11,0,1,1,03_D04_1007_E,n1,0.147,0.124,0.018228,18228
03_D,11,11,3,0,10.63636364,23,117,64,long,3.64,0.735504,0.736616,14180,03_D05,18,9-Oct,21-Sep,5,2,20,8,8,16,4,0.8,0.5,03_D05_1009_A,n1,0.125666667,0.108222222,0.013599926,13599.926
03_D,11,11,3,0,10.63636364,23,117,64,long,3.64,0.735504,0.736616,14180,03_D06,22,13-Oct,21-Sep,6,3,23,4,14,18,5,0.782608696,0.777777778,03_D06_1013_A,n1,0.127,0.111666667,0.014181667,14181.667
03_D,11,11,3,0,10.63636364,23,117,64,long,3.64,0.735504,0.736616,14180,03_D06,22,13-Oct,21-Sep,6,3,23,4,14,18,5,0.782608696,0.777777778,03_D06_1013_B,n1,0.129,0.109,0.014061,14061
03_D,11,11,3,0,10.63636364,23,117,64,long,3.64,0.735504,0.736616,14180,03_D06,22,13-Oct,21-Sep,6,3,23,4,14,18,5,0.782608696,0.777777778,03_D06_1013_C,n1,0.129,0.107333333,0.013846,13846
03_D,11,11,3,0,10.63636364,23,117,64,long,3.64,0.735504,0.736616,14180,03_D07,25,16-Oct,21-Sep,7,3,21,1,19,20,1,0.952380952,0.95,03_D07_1016_A,n1,0.123,0.105333333,0.012956,12956
03_D,11,11,3,0,10.63636364,23,117,64,long,3.64,0.735504,0.736616,14180,03_D07,25,16-Oct,21-Sep,7,3,21,1,19,20,1,0.952380952,0.95,03_D07_1016_B,n1,0.121333333,0.108666667,0.013184889,13184.889
03_D,11,11,3,0,10.63636364,23,117,64,long,3.64,0.735504,0.736616,14180,03_D07,25,16-Oct,21-Sep,7,3,21,1,19,20,1,0.952380952,0.95,03_D07_1016_C,n1,0.114333333,0.105666667,0.012081222,12081.222
03_D,11,11,3,0,10.63636364,23,117,64,long,3.64,0.735504,0.736616,14180,03_D08,33,24-Oct,21-Sep,8,7,4,0,4,4,0,1,1,03_D08_1024_A,n1,0.147333333,0.127,0.018711333,18711.333
03_D,11,11,3,0,10.63636364,23,117,64,long,3.64,0.735504,0.736616,14180,03_D08,33,24-Oct,21-Sep,8,7,4,0,4,4,0,1,1,03_D08_1024_B,n1,0.146666667,0.121,0.017746667,17746.667
03_D,11,11,3,0,10.63636364,23,117,64,long,3.64,0.735504,0.736616,14180,03_D08,33,24-Oct,21-Sep,8,7,4,0,4,4,0,1,1,03_D08_1024_C,n1,0.146333333,0.121,0.017706333,17706.333
03_D,11,11,3,0,10.63636364,23,117,64,long,3.64,0.735504,0.736616,14180,03_D09,39,30-Oct,21-Sep,9,6,15,0,15,15,0,1,1,03_D09_1030_A,n1,0.115333333,0.102666667,0.011840889,11840.889
03_D,11,11,3,0,10.63636364,23,117,64,long,3.64,0.735504,0.736616,14180,03_D09,39,30-Oct,21-Sep,9,6,15,0,15,15,0,1,1,03_D09_1030_B,n1,0.120333333,0.100666667,0.012113556,12113.556
03_D,11,11,3,0,10.63636364,23,117,64,long,3.64,0.735504,0.736616,14180,03_D09,39,30-Oct,21-Sep,9,6,15,0,15,15,0,1,1,03_D09_1030_C,n1,0.126666667,0.105333333,0.013342222,13342.222
03_D,11,11,3,0,10.63636364,23,117,64,long,3.64,0.735504,0.736616,14180,03_D10,42,2-Nov,21-Sep,10,2,3,0,3,3,0,1,1,03_D10_1102_A,n1,0.121333333,0.105,0.01274,12740
03_D,11,11,3,0,10.63636364,23,117,64,long,3.64,0.735504,0.736616,14180,03_D10,42,2-Nov,21-Sep,10,2,3,0,3,3,0,1,1,03_D10_1102_B,n1,0.130333333,0.11,0.014336667,14336.667
03_D,11,11,3,0,10.63636364,23,117,64,long,3.64,0.735504,0.736616,14180,03_D11,45,5-Nov,21-Sep,11,3,0,0,0,0,0,0,0,na,na,na,na,na,na
04_A,12,16,23,0,16.1875,39,259,63,long,3.125,0.590529526,0.580481151,13381.132,04_A01,3,29-Sep,26-Sep,1,3,20,4,0,4,16,0.2,0,04_A01_0929_A,n1,0.144333333,0.143666667,0.020735889,20735.889
04_A,12,16,23,0,16.1875,39,259,63,long,3.125,0.59053,0.580481,13380,04_A01,3,29-Sep,26-Sep,1,3,20,4,0,4,16,0.2,0,04_A01_0929_B,n1,0.154333333,0.141666667,0.021863889,21863.889
04_A,12,16,23,0,16.1875,39,259,63,long,3.125,0.59053,0.580481,13380,04_A01,3,29-Sep,26-Sep,1,3,20,4,0,4,16,0.2,0,04_A01_0929_C,n1,0.125,0.110666667,0.013833333,13833.333
04_A,12,16,23,0,16.1875,39,259,63,long,3.125,0.59053,0.580481,13380,04_A02,6,2-Oct,26-Sep,2,3,22,8,1,9,13,0.409090909,0.111111111,04_A02_1002_A,n1,0.124333333,0.105333333,0.013096444,13096.444
04_A,12,16,23,0,16.1875,39,259,63,long,3.125,0.59053,0.580481,13380,04_A02,6,2-Oct,26-Sep,2,3,22,8,1,9,13,0.409090909,0.111111111,04_A02_1002_B,n1,0.108666667,0.091666667,0.009961111,9961.111
04_A,12,16,23,0,16.1875,39,259,63,long,3.125,0.59053,0.580481,13380,04_A03,9,5-Oct,26-Sep,3,2,26,4,8,12,14,0.461538462,0.666666667,04_A03_1005_A,n1,0.119333333,0.106333333,0.012689111,12689.111
04_A,12,16,23,0,16.1875,39,259,63,long,3.125,0.59053,0.580481,13380,04_A03,9,5-Oct,26-Sep,3,2,26,4,8,12,14,0.461538462,0.666666667,04_A03_1005_B,n1,0.125,0.102666667,0.012833333,12833.333
04_A,12,16,23,0,16.1875,39,259,63,long,3.125,0.59053,0.580481,13380,04_A04,13,9-Oct,26-Sep,4,3,18,2,7,9,9,0.5,0.777777778,04_A04_1009_A,n1,0.115,0.109666667,0.012611667,12611.667
04_A,12,16,23,0,16.1875,39,259,63,long,3.125,0.59053,0.580481,13380,04_A04,13,9-Oct,26-Sep,4,3,18,2,7,9,9,0.5,0.777777778,04_A04_1009_B,n1,0.121333333,0.105333333,0.012780444,12780.444
04_A,12,16,23,0,16.1875,39,259,63,long,3.125,0.59053,0.580481,13380,04_A05,16,12-Oct,26-Sep,5,3,17,0,13,13,4,0.764705882,1,04_A05_1012_A,n1,0.140333333,0.112666667,0.015810889,15810.889
04_A,12,16,23,0,16.1875,39,259,63,long,3.125,0.59053,0.580481,13380,04_A06,19,15-Oct,26-Sep,6,3,14,8,0,8,6,0.571428571,0,na,na,na,na,na,na
04_A,12,16,23,0,16.1875,39,259,63,long,3.125,0.59053,0.580481,13380,04_A07,22,18-Oct,26-Sep,7,3,26,4,8,12,14,0.461538462,0.666666667,na,na,na,na,na,na
04_A,12,16,23,0,16.1875,39,259,63,long,3.125,0.59053,0.580481,13380,04_A08,25,21-Oct,26-Sep,8,3,38,13,13,26,12,0.684210526,0.5,04_A08_1021_A,n1,0.127,0.093666667,0.011895667,11895.667
04_A,12,16,23,0,16.1875,39,259,63,long,3.125,0.59053,0.580481,13380,04_A08,25,21-Oct,26-Sep,8,3,38,13,13,26,12,0.684210526,0.5,04_A08_1021_B,n1,0.113333333,0.094,0.010653333,10653.333
04_A,12,16,23,0,16.1875,39,259,63,long,3.125,0.59053,0.580481,13380,04_A09,32,28-Oct,26-Sep,9,6,24,1,7,8,16,0.333333333,0.875,na,na,na,na,na,na
04_A,12,16,23,0,16.1875,39,259,63,long,3.125,0.59053,0.580481,13380,04_A09,32,28-Oct,26-Sep,9,6,24,1,7,8,16,0.333333333,0.875,na,na,na,na,na,na
04_A,12,16,23,0,16.1875,39,259,63,long,3.125,0.59053,0.580481,13380,04_A09,32,28-Oct,26-Sep,9,6,24,1,7,8,16,0.333333333,0.875,na,na,na,na,na,na
04_A,12,16,23,0,16.1875,39,259,63,long,3.125,0.59053,0.580481,13380,04_A10,36,1-Nov,26-Sep,10,4,11,0,9,9,2,0.818181818,1,na,na,na,na,na,na
04_A,12,16,23,0,16.1875,39,259,63,long,3.125,0.59053,0.580481,13380,04_A11,39,4-Nov,26-Sep,11,2,9,1,6,7,2,0.777777778,0.857142857,na,na,na,na,na,na
04_A,12,16,23,0,16.1875,39,259,63,long,3.125,0.59053,0.580481,13380,04_A12,42,7-Nov,26-Sep,12,3,18,2,10,12,6,0.666666667,0.833333333,04_A12_1107_A,n1,0.11,0.096,0.01056,10560
04_A,12,16,23,0,16.1875,39,259,63,long,3.125,0.59053,0.580481,13380,04_A12,42,7-Nov,26-Sep,12,3,18,2,10,12,6,0.666666667,0.833333333,04_A12_1107_B,n1,0.113666667,0.098333333,0.011177222,11177.222
04_A,12,16,23,0,16.1875,39,259,63,long,3.125,0.59053,0.580481,13380,04_A12,42,7-Nov,26-Sep,12,3,18,2,10,12,6,0.666666667,0.833333333,04_A12_1107_C,n1,0.124333333,0.099666667,0.012391889,12391.889
04_A,12,16,23,0,16.1875,39,259,63,long,3.125,0.59053,0.580481,13380,04_A13,46,11-Nov,26-Sep,13,3,14,0,14,14,0,1,1,na,na,na,na,na,na
04_A,12,16,23,0,16.1875,39,259,63,long,3.125,0.59053,0.580481,13380,04_A14,50,15-Nov,26-Sep,14,3,10,8,0,8,2,0.8,0,na,na,na,na,na,na
04_A,12,16,23,0,16.1875,39,259,63,long,3.125,0.59053,0.580481,13380,04_A15,54,19-Nov,26-Sep,15,3,1,0,1,1,0,1,1,04_A15_1119_A,n1,0.111666667,0.100333333,0.011203889,11203.889
04_A,12,16,23,0,16.1875,39,259,63,long,3.125,0.59053,0.580481,13380,04_A16,57,22-Nov,26-Sep,16,3,0,0,0,0,0,0,0,na,na,na,na,na,na
04_B,13,11,15,0,10.18181818,34,112,63,long,3.8,0.432009804,0.4,15012,04_B01,3,1-Oct,28-Sep,1,3,15,4,4,8,7,0.533333333,0.5,na,na,na,na,na,na
04_B,13,11,15,0,10.18181818,34,112,63,long,3.8,0.43201,0.4,15010,04_B02,8,6-Oct,28-Sep,2,3,14,0,0,0,14,0,0,na,na,na,na,na,na
04_B,13,11,15,0,10.18181818,34,112,63,long,3.8,0.43201,0.4,15010,04_B04,21,19-Oct,28-Sep,4,4,8,0,6,6,2,0.75,1,04_B04_1019_A,n1,0.139,0.108,0.015012,15012
04_B,13,11,15,0,10.18181818,34,112,63,long,3.8,0.43201,0.4,15010,04_B05,24,22-Oct,28-Sep,5,2,20,10,10,20,0,1,0.5,na,na,na,na,na,na
04_B,13,11,15,0,10.18181818,34,112,63,long,3.8,0.43201,0.4,15010,04_B06,30,28-Oct,28-Sep,6,3,8,1,0,1,7,0.125,0,na,na,na,na,na,na
04_B,13,11,15,0,10.18181818,34,112,63,long,3.8,0.43201,0.4,15010,04_B07,34,1-Nov,28-Sep,7,3,34,14,0,14,20,0.411764706,0,na,na,na,na,na,na
04_B,13,11,15,0,10.18181818,34,112,63,long,3.8,0.43201,0.4,15010,04_B08,37,4-Nov,28-Sep,8,2,8,0,4,4,4,0.5,1,na,na,na,na,na,na
04_B,13,11,15,0,10.18181818,34,112,63,long,3.8,0.43201,0.4,15010,04_B09,41,8-Nov,28-Sep,9,3,2,0,2,2,0,1,1,na,na,na,na,na,na
04_B,13,11,15,0,10.18181818,34,112,63,long,3.8,0.43201,0.4,15010,04_B10,50,17-Nov,28-Sep,10,9,0,0,0,0,0,0,0,na,na,na,na,na,na
04_B,13,11,15,0,10.18181818,34,112,63,long,3.8,0.43201,0.4,15010,04_B11,57,24-Nov,28-Sep,11,6,0,0,0,0,0,0,0,na,na,na,na,na,na
04_C,14,8,13,0,10.875,18,87,72,long,3.625,0.440495381,0.625,9512.667,04_C01,3,1-Oct,28-Sep,1,3,13,8,0,8,5,0.615384615,0,na,na,na,na,na,na
04_C,14,8,13,0,10.875,18,87,72,long,3.625,0.440495,0.625,9510,04_C02,6,4-Oct,28-Sep,2,3,15,0,1,1,14,0.066666667,1,04_C02_1004_A,n1,0.091,0.080333333,0.007310333,7310.333
04_C,14,8,13,0,10.875,18,87,72,long,3.625,0.440495,0.625,9510,04_C02,6,4-Oct,28-Sep,2,3,15,0,1,1,14,0.066666667,1,04_C02_1004_B,n1,0.118333333,0.099,0.011715,11715
04_C,14,8,13,0,10.875,18,87,72,long,3.625,0.440495,0.625,9510,04_C03,23,21-Oct,28-Sep,3,3,16,0,13,13,3,0.8125,1,na,na,na,na,na,na
04_C,14,8,13,0,10.875,18,87,72,long,3.625,0.440495,0.625,9510,04_C04,30,28-Oct,28-Sep,4,3,14,0,7,7,7,0.5,1,na,na,na,na,na,na
04_C,14,8,13,0,10.875,18,87,72,long,3.625,0.440495,0.625,9510,04_C05,37,4-Nov,28-Sep,5,6,17,0,9,9,8,0.529411765,1,na,na,na,na,na,na
04_C,14,8,13,0,10.875,18,87,72,long,3.625,0.440495,0.625,9510,04_C06,50,17-Nov,28-Sep,6,4,7,0,0,0,7,0,0,na,na,na,na,na,na
04_C,14,8,13,0,10.875,18,87,72,long,3.625,0.440495,0.625,9510,04_C07,54,21-Nov,28-Sep,7,3,3,0,3,3,0,1,1,na,na,na,na,na,na
04_C,14,8,13,0,10.875,18,87,72,long,3.625,0.440495,0.625,9510,04_C08,58,25-Nov,28-Sep,8,4,0,0,0,0,0,0,0,na,na,na,na,na,na
04_D,15,3,4,9,7,9,21,33,short,3.33,0.703703704,0.666666667,12830.444,04_D01,3,7-Nov,4-Nov,1,3,4,4,0,4,0,1,0,na,na,na,na,na,na
04_D,15,3,4,9,7,9,21,33,short,3.33,0.703704,0.666667,12830,04_D02,9,13-Nov,4-Nov,2,4,8,0,8,8,0,1,1,04_D02_1113_A,n1,0.123666667,0.102,0.012614,12614
04_D,15,3,4,9,7,9,21,33,short,3.33,0.703704,0.666667,12830,04_D02,9,13-Nov,4-Nov,2,4,8,0,8,8,0,1,1,04_D02_1113_B,n1,0.123666667,0.11,0.013603333,13603.333
04_D,15,3,4,9,7,9,21,33,short,3.33,0.703704,0.666667,12830,04_D03,12,16-Nov,4-Nov,3,3,9,0,1,1,8,0.111111111,1,04_D03_1116_A,n1,0.120333333,0.102,0.012274,12274
05_A,16,4,1,21,9.75,21,39,26,short,3.5,0.136554622,0.083333333,10320.533,05_A01,3,25-Oct,22-Oct,1,3,1,0,0,0,1,0,0,05_A01_1025_A,n1,0.110333333,0.077,0.008495667,8495.667
05_A,16,4,1,21,9.75,21,39,26,short,3.5,0.136555,0.083333,10320,05_A02,7,29-Oct,22-Oct,2,3,17,2,0,2,15,0.117647059,0,05_A02_1029_A,n1,0.109666667,0.106333333,0.011661222,11661.222
05_A,16,4,1,21,9.75,21,39,26,short,3.5,0.136555,0.083333,10320,05_A02,7,29-Oct,22-Oct,2,3,17,2,0,2,15,0.117647059,0,05_A02_1029_B,n1,0.109666667,0.090666667,0.009943111,9943.111
05_A,16,4,1,21,9.75,21,39,26,short,3.5,0.136555,0.083333,10320,05_A03,12,3-Nov,22-Oct,3,4,1,0,0,0,1,0,0,na,na,na,na,na,na
05_A,16,4,1,21,9.75,21,39,26,short,3.5,0.136555,0.083333,10320,05_A04,17,8-Nov,22-Oct,4,4,21,6,3,9,12,0.428571429,0.333333333,05_A04_1108_A,n1,0.119,0.108666667,0.012931333,12931.333
05_A,16,4,1,21,9.75,21,39,26,short,3.5,0.136555,0.083333,10320,05_A04,17,8-Nov,22-Oct,4,4,21,6,3,9,12,0.428571429,0.333333333,05_A04_1108_B,n1,0.099666667,0.086,0.008571333,8571.333
05_B,17,10,15,7,4,15,40,74,long,3.8,0.166666667,0.166666667,13780.546,05_B01,3,26-Oct,23-Oct,1,3,15,0,5,5,10,0.333333333,1,05_B01_1026_A,n1,0.117666667,0.106,0.012472667,12472.667
05_B,17,10,15,7,4,15,40,74,long,3.8,0.166667,0.166667,13780,05_B01,3,26-Oct,23-Oct,1,3,15,0,5,5,10,0.333333333,1,05_B01_1026_B,n1,0.144333333,0.107333333,0.015491778,15491.778
05_B,17,10,15,7,4,15,40,74,long,3.8,0.166667,0.166667,13780,05_B01,3,26-Oct,23-Oct,1,3,15,0,5,5,10,0.333333333,1,05_B01_1026_C,n1,0.154333333,0.137,0.021143667,21143.667
05_B,17,10,15,7,4,15,40,74,long,3.8,0.166667,0.166667,13780,05_B01,3,26-Oct,23-Oct,1,3,15,0,5,5,10,0.333333333,1,05_B01_1026_D,n1,0.144,0.120333333,0.017328,17328
05_B,17,10,15,7,4,15,40,74,long,3.8,0.166667,0.166667,13780,05_B01,3,26-Oct,23-Oct,1,3,15,0,5,5,10,0.333333333,1,05_B01_1026_E,n1,0.125666667,0.102333333,0.012859889,12859.889
05_B,17,10,15,7,4,15,40,74,long,3.8,0.166667,0.166667,13780,05_B01,3,26-Oct,23-Oct,1,3,15,0,5,5,10,0.333333333,1,05_B01_1026_F,n1,0.117,0.098,0.011466,11466
05_B,17,10,15,7,4,15,40,74,long,3.8,0.166667,0.166667,13780,05_B02,15,7-Nov,23-Oct,2,0,3,0,2,2,1,0.666666667,1,05_B02_1107_A,n1,0.12,0.109666667,0.01316,13160
05_B,17,10,15,7,4,15,40,74,long,3.8,0.166667,0.166667,13780,05_B02,15,7-Nov,23-Oct,2,0,3,0,2,2,1,0.666666667,1,05_B02_1107_B,n1,0.123,0.111666667,0.013735,13735
05_B,17,10,15,7,4,15,40,74,long,3.8,0.166667,0.166667,13780,05_B03,15,7-Nov,23-Oct,3,12,3,0,0,0,3,0,0,05_B03_1107_A,n1,0.123,0.109666667,0.013489,13489
05_B,17,10,15,7,4,15,40,74,long,3.8,0.166667,0.166667,13780,05_B04,29,21-Nov,23-Oct,4,4,1,0,0,0,1,0,0,05_B04_1121_A,n1,0.112666667,0.108333333,0.012205556,12205.556
05_B,17,10,15,7,4,15,40,74,long,3.8,0.166667,0.166667,13780,05_B05,34,26-Nov,23-Oct,5,1,3,2,0,2,1,0.666666667,0,05_B05_1126_A,n1,0.105,0.099,0.010395,10395
05_B,17,10,15,7,4,15,40,74,long,3.8,0.166667,0.166667,13780,05_B05,34,26-Nov,23-Oct,5,1,3,2,0,2,1,0.666666667,0,05_B05_1126_B,n1,0.110666667,0.105,0.01162,11620
05_B,17,10,15,7,4,15,40,74,long,3.8,0.166667,0.166667,13780,05_B06,40,2-Dec,23-Oct,6,4,0,0,0,0,0,0,0,na,na,na,na,na,na
05_B,17,10,15,7,4,15,40,74,long,3.8,0.166667,0.166667,13780,05_B07,44,6-Dec,23-Oct,7,2,2,0,0,0,2,0,0,na,na,na,na,na,na
05_B,17,10,15,7,4,15,40,74,long,3.8,0.166667,0.166667,13780,05_B08,48,10-Dec,23-Oct,8,4,6,0,0,0,6,0,0,na,na,na,na,na,na
05_B,17,10,15,7,4,15,40,74,long,3.8,0.166667,0.166667,13780,05_B09,52,14-Dec,23-Oct,9,4,0,0,0,0,0,0,0,na,na,na,na,na,na
05_B,17,10,15,7,4,15,40,74,long,3.8,0.166667,0.166667,13780,05_B10,59,21-Dec,23-Oct,10,4,7,1,0,0,7,0,0,na,na,na,na,na,na
05_C,18,7,21,0,8.428571429,21,59,69,long,5.86,0.360884354,0.285714286,12064.867,05_C01,3,27-Oct,24-Oct,1,3,21,0,10,10,11,0.476190476,1,05_C01_1027_A,n1,0.111333333,0.094,0.010465333,10465.333
05_C,18,7,21,0,8.428571429,21,59,69,long,5.86,0.360884,0.285714,12060,05_C01,3,27-Oct,24-Oct,1,3,21,0,10,10,11,0.476190476,1,05_C01_1027_B,n1,0.113,0.095666667,0.010810333,10810.333
05_C,18,7,21,0,8.428571429,21,59,69,long,5.86,0.360884,0.285714,12060,05_C02,7,31-Oct,24-Oct,2,3,10,8,0,8,2,0.8,0,na,na,na,na,na,na
05_C,18,7,21,0,8.428571429,21,59,69,long,5.86,0.360884,0.285714,12060,05_C03,11,4-Nov,24-Oct,3,4,8,0,6,6,2,0.75,1,05_C03_1104_A,n1,0.123666667,0.112333333,0.013891889,13891.889
05_C,18,7,21,0,8.428571429,21,59,69,long,5.86,0.360884,0.285714,12060,05_C04,16,9-Nov,24-Oct,4,4,2,0,0,0,2,0,0,05_C04_1109_A,n1,0.115666667,0.11,0.012723333,12723.333
05_C,18,7,21,0,8.428571429,21,59,69,long,5.86,0.360884,0.285714,12060,05_C04,16,9-Nov,24-Oct,4,4,2,0,0,0,2,0,0,05_C04_1109_B,n1,0.117666667,0.105666667,0.012433445,12433.445
05_C,18,7,21,0,8.428571429,21,59,69,long,5.86,0.360884,0.285714,12060,05_C05,30,23-Nov,24-Oct,5,7,16,0,0,0,16,0,0,na,na,na,na,na,na
05_C,18,7,21,0,8.428571429,21,59,69,long,5.86,0.360884,0.285714,12060,05_C06,49,12-Dec,24-Oct,6,16,2,1,0,1,1,0.5,0,na,na,na,na,na,na
05_C,18,7,21,0,8.428571429,21,59,69,long,5.86,0.360884,0.285714,12060,05_C07,54,17-Dec,24-Oct,7,4,0,0,0,0,0,0,0,na,na,na,na,na,na
05_D,19,2,7,2,6,7,12,18,short,2.5,0.678571429,0.678571429,12430.223,05_D01,2,28-Oct,26-Oct,1,2,7,1,6,7,0,1,0.857142857,05_D01_1028_A,n1,0.117333333,0.104333333,0.012241778,12241.778
05_D,19,2,7,2,6,7,12,18,short,2.5,0.678571,0.678571,12430,05_D01,2,28-Oct,26-Oct,1,2,7,1,6,7,0,1,0.857142857,05_D01_1028_B,n1,0.121333333,0.104,0.012618667,12618.667
05_D,19,2,7,2,6,7,12,18,short,2.5,0.678571,0.678571,12430,05_D02,7,2-Nov,26-Oct,2,3,2,1,1,2,0,1,0.5,na,na,na,na,na,na
06_A,20,10,16,7,9.8,22,98,66,long,3.22,0.348701299,0.0625,13089.063,06_A01,3,30-Oct,27-Oct,1,3,16,0,0,0,16,0,0,06_A01_1030_A,n1,0.115666667,0.105,0.012145,12145
06_A,20,10,16,7,9.8,22,98,66,long,3.22,0.348701,0.0625,13090,06_A01,3,30-Oct,27-Oct,1,3,16,0,0,0,16,0,0,06_A01_1030_B,n1,0.115,0.104,0.01196,11960
06_A,20,10,16,7,9.8,22,98,66,long,3.22,0.348701,0.0625,13090,06_A02,7,3-Nov,27-Oct,2,3,2,1,1,2,0,1,0.5,06_A02_1103_A,n1,0.127,0.115333333,0.014647333,14647.333
06_A,20,10,16,7,9.8,22,98,66,long,3.22,0.348701,0.0625,13090,06_A02,7,3-Nov,27-Oct,2,3,2,1,1,2,0,1,0.5,06_A02_1103_B,n1,0.121,0.109333333,0.013229333,13229.333
06_A,20,10,16,7,9.8,22,98,66,long,3.22,0.348701,0.0625,13090,06_A04,25,21-Nov,27-Oct,4,3,20,18,0,18,2,0.9,0,06_A04_1121_A,n1,0.117666667,0.094,0.011060667,11060.667
06_A,20,10,16,7,9.8,22,98,66,long,3.22,0.348701,0.0625,13090,06_A04,25,21-Nov,27-Oct,4,3,20,18,0,18,2,0.9,0,06_A04_1121_B,n1,0.132666667,0.121666667,0.016141111,16141.111
06_A,20,10,16,7,9.8,22,98,66,long,3.22,0.348701,0.0625,13090,06_A05,30,26-Nov,27-Oct,5,4,1,0,0,0,1,0,0,06_A05_1126_A,n1,0.12,0.103666667,0.01244,12440
06_A,20,10,16,7,9.8,22,98,66,long,3.22,0.348701,0.0625,13090,06_A06,36,2-Dec,27-Oct,6,4,0,0,0,0,0,0,0,na,na,na,na,na,na
06_A,20,10,16,7,9.8,22,98,66,long,3.22,0.348701,0.0625,13090,06_A07,40,6-Dec,27-Oct,7,2,5,na,na,na,na,na,na,na,na,na,na,na,na
06_A,20,10,16,7,9.8,22,98,66,long,3.22,0.348701,0.0625,13090,06_A08,45,11-Dec,27-Oct,8,5,5,0,0,0,5,0,0,na,na,na,na,na,na
06_A,20,10,16,7,9.8,22,98,66,long,3.22,0.348701,0.0625,13090,06_A09,48,14-Dec,27-Oct,9,2,22,7,0,7,15,0.318181818,0,na,na,na,na,na,na
06_A,20,10,16,7,9.8,22,98,66,long,3.22,0.348701,0.0625,13090,06_A10,54,20-Dec,27-Oct,10,3,7,4,0,4,3,0.571428571,0,na,na,na,na,na,na
07_A,21,5,2,24,10.2,24,51,22,short,2.8,0.739583333,0.5,12703.389,07_A01,3,7-Nov,4-Nov,1,3,2,na,na,na,na,na,na,na,na,na,na,na,na
07_A,21,5,2,24,10.2,24,51,22,short,2.8,0.739583,0.5,12700,07_A02,9,13-Nov,4-Nov,2,3,15,15,0,15,0,1,0,07_A02_1113_A,n1,0.128333333,0.106333333,0.013646111,13646.111
07_A,21,5,2,24,10.2,24,51,22,short,2.8,0.739583,0.5,12700,07_A02,9,13-Nov,4-Nov,2,3,15,15,0,15,0,1,0,07_A02_1113_B,n1,0.118,0.099666667,0.011760667,11760.667
07_A,21,5,2,24,10.2,24,51,22,short,2.8,0.739583,0.5,12700,07_A03,13,17-Nov,4-Nov,3,3,8,0,0,0,8,0,0,na,na,na,na,na,na
07_A,21,5,2,24,10.2,24,51,22,short,2.8,0.739583,0.5,12700,07_A04,17,21-Nov,4-Nov,4,3,6,0,6,6,0,1,1,na,na,na,na,na,na
07_A,21,5,2,24,10.2,24,51,22,short,2.8,0.739583,0.5,12700,07_A05,20,24-Nov,4-Nov,5,2,24,0,23,23,1,0.958333333,1,na,na,na,na,na,na
07_B,22,7,7,17,14.57142857,25,102,28,short,3.86,0,0,11338.022,07_B01,3,19-Nov,16-Nov,1,3,7,0,0,0,7,0,0,na,na,na,na,na,na
07_B,22,7,7,17,14.57142857,25,102,28,short,3.86,0,0,11340,07_B02,7,23-Nov,16-Nov,2,3,25,0,0,0,25,0,0,na,na,na,na,na,na
07_B,22,7,7,17,14.57142857,25,102,28,short,3.86,0,0,11340,07_B03,11,27-Nov,16-Nov,3,4,10,0,0,0,10,0,0,na,na,na,na,na,na
07_B,22,7,7,17,14.57142857,25,102,28,short,3.86,0,0,11340,07_B04,18,4-Dec,16-Nov,4,7,7,na,na,na,na,na,na,na,na,na,na,na,na
07_B,22,7,7,17,14.57142857,25,102,28,short,3.86,0,0,11340,07_B05,21,7-Dec,16-Nov,5,3,21,na,na,na,na,na,na,na,na,na,na,na,na
07_B,22,7,7,17,14.57142857,25,102,28,short,3.86,0,0,11340,07_B06,25,11-Dec,16-Nov,6,4,15,na,na,na,na,na,na,na,na,na,na,na,na
07_B,22,7,7,17,14.57142857,25,102,28,short,3.86,0,0,11340,07_B07,28,14-Dec,16-Nov,7,3,17,na,na,na,na,na,na,07_B07_1214_A,n1,0.10367,0.094,0.00974498,9744.98
07_B,22,7,7,17,14.57142857,25,102,28,short,3.86,0,0,11340,07_B07,28,14-Dec,16-Nov,7,3,17,na,na,na,na,na,na,07_B07_1214_B,n1,0.111,0.09733,0.01080363,10803.63
07_B,22,7,7,17,14.57142857,25,102,28,short,3.86,0,0,11340,07_B07,28,14-Dec,16-Nov,7,3,17,na,na,na,na,na,na,07_B07_1214_C,n1,0.12633,0.09767,0.012338651,12338.651
07_B,22,7,7,17,14.57142857,25,102,28,short,3.86,0,0,11340,07_B07,28,14-Dec,16-Nov,7,3,17,na,na,na,na,na,na,07_B07_1214_D,n1,0.10867,0.10367,0.011265819,11265.819
07_B,22,7,7,17,14.57142857,25,102,28,short,3.86,0,0,11340,07_B07,28,14-Dec,16-Nov,7,3,17,na,na,na,na,na,na,07_B07_1214_E,n1,0.12133,0.10333,0.012537029,12537.029
07_C,23,6,26,9,12.83333333,26,77,33,short,3.67,0.568681319,0.521739131,12541,07_C01,5,19-Nov,14-Nov,1,2,26,21,2,23,3,0.884615385,0.086956522,07_C01_1119_A,n1,0.118,0.103,0.012154,12154
07_C,23,6,26,9,12.83333333,26,77,33,short,3.67,0.568681,0.521739,12540,07_C01,5,19-Nov,14-Nov,1,2,26,21,2,23,3,0.884615385,0.086956522,07_C01_1119_B,n1,0.128,0.101,0.012928,12928
07_C,23,6,26,9,12.83333333,26,77,33,short,3.67,0.568681,0.521739,12540,07_C02,9,23-Nov,14-Nov,2,4,13,0,6,6,7,0.461538462,1,na,na,na,na,na,na
07_C,23,6,26,9,12.83333333,26,77,33,short,3.67,0.568681,0.521739,12540,07_C03,12,26-Nov,14-Nov,3,3,14,0,13,13,1,0.928571429,1,na,na,na,na,na,na
07_C,23,6,26,9,12.83333333,26,77,33,short,3.67,0.568681,0.521739,12540,07_C04,19,3-Dec,14-Nov,4,7,5,na,na,na,na,na,na,na,na,na,na,na,na
07_C,23,6,26,9,12.83333333,26,77,33,short,3.67,0.568681,0.521739,12540,07_C05,22,6-Dec,14-Nov,5,2,8,0,0,0,8,0,0,na,na,na,na,na,na
07_C,23,6,26,9,12.83333333,26,77,33,short,3.67,0.568681,0.521739,12540,07_C06,26,10-Dec,14-Nov,6,4,9,na,na,na,na,na,na,na,na,na,na,na,na
